Organization,Followed On
Harnham,Mon Sep 18 13:48:48 UTC 2023
DataInterview.com,Wed Sep 13 21:04:36 UTC 2023
differentology,Thu Aug 31 12:38:27 UTC 2023
Statistics,Thu Aug 31 12:37:03 UTC 2023
Acquire Me,Wed Aug 23 16:42:42 UTC 2023
LinkedIn Collective,Sat Aug 19 23:59:12 UTC 2023
NEED DATA COMMUNITY,Thu Aug 17 08:46:04 UTC 2023
Goodman Masson,Tue Aug 15 18:33:56 UTC 2023
Presentations,Sat Aug 05 00:08:04 UTC 2023
Teamwork,Sat Aug 05 00:04:10 UTC 2023
OESON,Wed Aug 02 21:09:33 UTC 2023
Business Analytics,Wed Aug 02 21:08:00 UTC 2023
Data Analysis,Wed Aug 02 17:44:19 UTC 2023
Analytical Skills,Wed Aug 02 17:43:49 UTC 2023
Business Analysis,Sat Aug 05 00:07:51 UTC 2023
Engineering Management,Mon Mar 13 01:18:23 UTC 2023
Communication,Mon Mar 13 01:12:21 UTC 2023
Mechanical Engineering,Mon Mar 13 01:03:56 UTC 2023
Presentation Skills,Mon Mar 13 00:38:23 UTC 2023
Great Learning,Mon Feb 06 16:10:55 UTC 2023
Wand,Mon Nov 21 19:20:43 UTC 2022
ROS-Industrial,Mon Nov 14 11:47:47 UTC 2022
PickNik Robotics,Mon Nov 14 11:47:34 UTC 2022
Open Robotics,Mon Nov 14 11:47:01 UTC 2022
WiredScore,Mon Oct 31 10:02:48 UTC 2022
Exactmer,Wed Sep 14 10:30:41 UTC 2022
Making The Leap,Fri Sep 02 11:15:11 UTC 2022
Boston Dynamics,Sat Aug 27 01:12:30 UTC 2022
Pareto,Thu Apr 28 14:40:53 UTC 2022
Prime Energy Markets,Thu Mar 10 08:54:49 UTC 2022
Unilever,Sun Feb 27 19:02:40 UTC 2022
Spitfire Network Services Ltd,Sun Feb 27 18:44:05 UTC 2022
Lemon Events UK,Sun Feb 27 09:09:42 UTC 2022
Business Intelligence,Thu Feb 24 01:53:18 UTC 2022
Miryco Consultants Ltd,Thu Feb 17 11:54:18 UTC 2022
Koneckt,Wed Feb 16 11:51:32 UTC 2022
Lean Focus,Mon Jan 17 21:00:09 UTC 2022
University of Greenwich,Sat May 15 17:54:28 UTC 2021
Paramita High School,Tue Nov 17 15:28:13 UTC 2020
Livo,Mon Nov 16 14:09:58 UTC 2020
World Economic Forum,Tue Nov 03 04:20:12 UTC 2020
L&T Technology Services,Fri Apr 10 02:58:34 UTC 2020
Google,Fri Apr 10 02:58:32 UTC 2020
SRR Building Material Trading LLC,Sat Feb 29 16:12:59 UTC 2020
Vidya Jyothi Institute Of Technology,Wed Aug 14 15:10:00 UTC 2019